airplane,PL1-VOC-001,PL1-ACT-03-001
apple,PL1-VOC-002,PL1-ACT-03-002
alligator,PL1-VOC-003,PL1-ACT-03-003
ant,PL1-VOC-004,PL1-ACT-03-004
bee,PL1-VOC-005,PL1-ACT-03-005
butterfly,PL1-VOC-006,PL1-ACT-03-006
bird,PL1-VOC-007,PL1-ACT-03-007
baseball,PL1-VOC-008,PL1-ACT-03-008
candy,PL1-VOC-009,PL1-ACT-03-009
carrot,PL1-VOC-010,PL1-ACT-03-010
cookies,PL1-VOC-011,PL1-ACT-03-011
corn,PL1-VOC-012,PL1-ACT-03-012
dinosaur,PL1-VOC-013,PL1-ACT-03-013
dice,PL1-VOC-014,PL1-ACT-03-014
donut,PL1-VOC-015,PL1-ACT-03-015
dog,PL1-VOC-016,PL1-ACT-03-016
elephant,PL1-VOC-017,PL1-ACT-03-017
eggplant,PL1-VOC-018,PL1-ACT-03-018
elf,PL1-VOC-019,PL1-ACT-03-019
elevator,PL1-VOC-020,PL1-ACT-03-020
four,PL1-VOC-021,PL1-ACT-03-021
fan,PL1-VOC-022,PL1-ACT-03-022
fish,PL1-VOC-023,PL1-ACT-03-023
frog,PL1-VOC-024,PL1-ACT-03-024
grape,PL1-VOC-025,PL1-ACT-03-025
glass,PL1-VOC-026,PL1-ACT-03-026
gloves,PL1-VOC-027,PL1-ACT-03-027
gorilla,PL1-VOC-028,PL1-ACT-03-028
hedgehog,PL1-VOC-029,PL1-ACT-03-029
hat,PL1-VOC-030,PL1-ACT-03-030
hippo,PL1-VOC-031,PL1-ACT-03-031
house,PL1-VOC-032,PL1-ACT-03-032
iguana,PL1-VOC-033,PL1-ACT-03-033
India,PL1-VOC-034,PL1-ACT-03-034
Italy,PL1-VOC-035,PL1-ACT-03-035
igloo,PL1-VOC-036,PL1-ACT-03-036
jam,PL1-VOC-037,PL1-ACT-03-037
jacket,PL1-VOC-038,PL1-ACT-03-038
jellyfish,PL1-VOC-039,PL1-ACT-03-039
jaguar,PL1-VOC-040,PL1-ACT-03-040
kangaroo,PL1-VOC-041,PL1-ACT-03-041
koala,PL1-VOC-042,PL1-ACT-03-042
kite,PL1-VOC-043,PL1-ACT-03-043
king,PL1-VOC-044,PL1-ACT-03-044
lemon,PL1-VOC-045,PL1-ACT-03-045
ladybug,PL1-VOC-046,PL1-ACT-03-046
lion,PL1-VOC-047,PL1-ACT-03-047
lettuce,PL1-VOC-048,PL1-ACT-03-048
map,PL1-VOC-049,PL1-ACT-03-049
monster,PL1-VOC-050,PL1-ACT-03-050
monkey,PL1-VOC-051,PL1-ACT-03-051
mushroom,PL1-VOC-052,PL1-ACT-03-052
night,PL1-VOC-053,PL1-ACT-03-053
nine,PL1-VOC-054,PL1-ACT-03-054
nest,PL1-VOC-055,PL1-ACT-03-055
nose,PL1-VOC-056,PL1-ACT-03-056
otter,PL1-VOC-057,PL1-ACT-03-057
ostrich,PL1-VOC-058,PL1-ACT-03-058
olive,PL1-VOC-059,PL1-ACT-03-059
observatory,PL1-VOC-060,PL1-ACT-03-060
popcorn,PL1-VOC-061,PL1-ACT-03-061
pumpkin,PL1-VOC-062,PL1-ACT-03-062
piano,PL1-VOC-063,PL1-ACT-03-063
palm tree,PL1-VOC-064,PL1-ACT-03-064
queen,PL1-VOC-065,PL1-ACT-03-065
quail,PL1-VOC-066,PL1-ACT-03-066
quilt,PL1-VOC-067,PL1-ACT-03-067
question,PL1-VOC-068,PL1-ACT-03-068
rabbit,PL1-VOC-069,PL1-ACT-03-069
robot,PL1-VOC-070,PL1-ACT-03-070
raccoon,PL1-VOC-071,PL1-ACT-03-071
ribbon,PL1-VOC-072,PL1-ACT-03-072
sunflower,PL1-VOC-073,PL1-ACT-03-073
soap,PL1-VOC-074,PL1-ACT-03-074
sunglasses,PL1-VOC-075,PL1-ACT-03-075
submarine,PL1-VOC-076,PL1-ACT-03-076
taco,PL1-VOC-077,PL1-ACT-03-077
tongue,PL1-VOC-078,PL1-ACT-03-078
tiger,PL1-VOC-079,PL1-ACT-03-079
tomato,PL1-VOC-080,PL1-ACT-03-080
umbrella,PL1-VOC-081,PL1-ACT-03-081
up,PL1-VOC-082,PL1-ACT-03-082
under,PL1-VOC-083,PL1-ACT-03-083
underwear,PL1-VOC-084,PL1-ACT-03-084
vampire,PL1-VOC-085,PL1-ACT-03-085
vase,PL1-VOC-086,PL1-ACT-03-086
vegetable,PL1-VOC-087,PL1-ACT-03-087
violin,PL1-VOC-088,PL1-ACT-03-088
window,PL1-VOC-089,PL1-ACT-03-089
wand,PL1-VOC-090,PL1-ACT-03-090
walnut,PL1-VOC-091,PL1-ACT-03-091
woodpecker,PL1-VOC-092,PL1-ACT-03-092
axe,PL1-VOC-093,PL1-ACT-03-093
six,PL1-VOC-094,PL1-ACT-03-094
box,PL1-VOC-095,PL1-ACT-03-095
fox,PL1-VOC-096,PL1-ACT-03-096
yacht,PL1-VOC-097,PL1-ACT-03-097
yellow,PL1-VOC-098,PL1-ACT-03-098
yogurt,PL1-VOC-099,PL1-ACT-03-099
yarn,PL1-VOC-100,PL1-ACT-03-100
zipper,PL1-VOC-101,PL1-ACT-03-101
zebra,PL1-VOC-102,PL1-ACT-03-102
zero,PL1-VOC-103,PL1-ACT-03-103
zoo,PL1-VOC-104,PL1-ACT-03-104
